{"cameraMode":{"drawMode":0,"name":"Shaded","section":"Shading Mode"},"sceneLighting":false,"audioPlay":false,"sceneViewState":{"m_AlwaysRefresh":false,"showFog":true,"showSkybox":false,"showFlares":true,"showImageEffects":true,"showParticleSystems":true,"showVisualEffectGraphs":true,"m_FxEnabled":true},"in2DMode":false,"pivot":{"x":0.10722517967224121,"y":0.4047926068305969,"z":-3.1962828636169435},"rotation":{"x":0.11533035337924957,"y":-0.48132288455963137,"z":0.06405612081289292,"w":0.8665704727172852},"size":0.942156970500946,"orthographic":false}